title	id	name	read	pattern	sequence	feature_type
AH9223_AH9225	F_0h	F_0h	R2	^(BC)	GTCAACTCTTTAGCG	Antibody_Capture
AH9223_AH9225	F_2h	F_2h	R2	^(BC)	TGATGGCCTATTGGG	Antibody_Capture
AH9223_AH9225	F_8h	F_8h	R2	^(BC)	TTCCGCCTCTCTTTG	Antibody_Capture
AH9223_AH9225	F_24h_RT	F_24h_RT	R2	^(BC)	AGTAAGTTCAGCGTA	Antibody_Capture
AH9223_AH9225	F_24h_RTBioabank	F_24h_RTBioabank	R2	^(BC)	AAGTATCGTTTCGCA	Antibody_Capture
AH9223_AH9225	F_24h_4C	F_24h_4C	R2	^(BC)	GGTTGCCAGATGTCA	Antibody_Capture
AH9223_AH9225	F_48h_RT	F_48h_RT	R2	^(BC)	TGTCTTTCCTGCCAG	Antibody_Capture
AH9223_AH9225	F_48h_4C	F_48h_4C	R2	^(BC)	CTCCTCTGCAATTAC	Antibody_Capture
AH9224_AH9226	M_0h	M_0h	R2	^(BC)	GTCAACTCTTTAGCG	Antibody_Capture
AH9224_AH9226	M_2h	M_2h	R2	^(BC)	TGATGGCCTATTGGG	Antibody_Capture
AH9224_AH9226	M_8h	M_8h	R2	^(BC)	TTCCGCCTCTCTTTG	Antibody_Capture
AH9224_AH9226	M_24h_RT	M_24h_RT	R2	^(BC)	AGTAAGTTCAGCGTA	Antibody_Capture
AH9224_AH9226	M_24h_RTBioabank	M_24h_RTBioabank	R2	^(BC)	AAGTATCGTTTCGCA	Antibody_Capture
AH9224_AH9226	M_24h_4C	M_24h_4C	R2	^(BC)	GGTTGCCAGATGTCA	Antibody_Capture
AH9224_AH9226	M_48h_RT	M_48h_RT	R2	^(BC)	TGTCTTTCCTGCCAG	Antibody_Capture
AH9224_AH9226	M_48h_4C	M_48h_4C	R2	^(BC)	CTCCTCTGCAATTAC	Antibody_Capture
AI0099_AI0101	F_0h	F_0h	R2	^(BC)	GTCAACTCTTTAGCG	Antibody_Capture
AI0099_AI0101	F_2h	F_2h	R2	^(BC)	TGATGGCCTATTGGG	Antibody_Capture
AI0099_AI0101	F_8h	F_8h	R2	^(BC)	TTCCGCCTCTCTTTG	Antibody_Capture
AI0099_AI0101	F_24h_RT	F_24h_RT	R2	^(BC)	AGTAAGTTCAGCGTA	Antibody_Capture
AI0099_AI0101	F_24h_RTBioabank	F_24h_RTBioabank	R2	^(BC)	AAGTATCGTTTCGCA	Antibody_Capture
AI0099_AI0101	F_24h_4C	F_24h_4C	R2	^(BC)	GGTTGCCAGATGTCA	Antibody_Capture
AI0099_AI0101	F_48h_RT	F_48h_RT	R2	^(BC)	TGTCTTTCCTGCCAG	Antibody_Capture
AI0099_AI0101	F_48h_4C	F_48h_4C	R2	^(BC)	CTCCTCTGCAATTAC	Antibody_Capture
AI0100_AI0102	M_0h	M_0h	R2	^(BC)	GTCAACTCTTTAGCG	Antibody_Capture
AI0100_AI0102	M_2h	M_2h	R2	^(BC)	TGATGGCCTATTGGG	Antibody_Capture
AI0100_AI0102	M_8h	M_8h	R2	^(BC)	TTCCGCCTCTCTTTG	Antibody_Capture
AI0100_AI0102	M_24h_RT	M_24h_RT	R2	^(BC)	AGTAAGTTCAGCGTA	Antibody_Capture
AI0100_AI0102	M_24h_RTBioabank	M_24h_RTBioabank	R2	^(BC)	AAGTATCGTTTCGCA	Antibody_Capture
AI0100_AI0102	M_24h_4C	M_24h_4C	R2	^(BC)	GGTTGCCAGATGTCA	Antibody_Capture
AI0100_AI0102	M_48h_RT	M_48h_RT	R2	^(BC)	TGTCTTTCCTGCCAG	Antibody_Capture
AI0100_AI0102	M_48h_4C	M_48h_4C	R2	^(BC)	CTCCTCTGCAATTAC	Antibody_Capture
1220_RT	1220_RT_2h	1220_RT_2h	R2	^(BC)	GTCAACTCTTTAGCG	Antibody_Capture
1220_RT	1220_RT_4h	1220_RT_4h	R2	^(BC)	TGATGGCCTATTGGG	Antibody_Capture
1220_RT	1220_RT_6h	1220_RT_6h	R2	^(BC)	TTCCGCCTCTCTTTG	Antibody_Capture
1220_RT	1220_RT_8h	1220_RT_8h	R2	^(BC)	AGTAAGTTCAGCGTA	Antibody_Capture
1220_RT	1220_RT_24h	1220_RT_24h	R2	^(BC)	AAGTATCGTTTCGCA	Antibody_Capture
1472_RT	1472_RT_0h	1472_RT_0h	R2	^(BC)	GTCAACTCTTTAGCG	Antibody_Capture
1472_RT	1472_RT_2h	1472_RT_2h	R2	^(BC)	TGTCTTTCCTGCCAG	Antibody_Capture
1472_RT	1472_RT_4h	1472_RT_4h	R2	^(BC)	TTCCGCCTCTCTTTG	Antibody_Capture
1472_RT	1472_RT_6h	1472_RT_6h	R2	^(BC)	AGTAAGTTCAGCGTA	Antibody_Capture
1472_RT	1472_RT_8h	1472_RT_8h	R2	^(BC)	AAGTATCGTTTCGCA	Antibody_Capture
1472_RT	1472_RT_24h	1472_RT_24h	R2	^(BC)	GGTTGCCAGATGTCA	Antibody_Capture
1892_RT	1892_RT_0h	1892_RT_0h	R2	^(BC)	GTCAACTCTTTAGCG	Antibody_Capture
1892_RT	1892_RT_2h	1892_RT_2h	R2	^(BC)	TGTCTTTCCTGCCAG	Antibody_Capture
1892_RT	1892_RT_4h	1892_RT_4h	R2	^(BC)	TTCCGCCTCTCTTTG	Antibody_Capture
1892_RT	1892_RT_6h	1892_RT_6h	R2	^(BC)	AGTAAGTTCAGCGTA	Antibody_Capture
1892_RT	1892_RT_8h	1892_RT_8h	R2	^(BC)	AAGTATCGTTTCGCA	Antibody_Capture
1892_RT	1892_RT_24h	1892_RT_24h	R2	^(BC)	GGTTGCCAGATGTCA	Antibody_Capture
1472_4C	1472_4C_0h	1472_4C_0h	R2	^(BC)	GTCAACTCTTTAGCG	Antibody_Capture
1472_4C	1472_4C_2h	1472_4C_2h	R2	^(BC)	TGTCTTTCCTGCCAG	Antibody_Capture
1472_4C	1472_4C_4h	1472_4C_4h	R2	^(BC)	TTCCGCCTCTCTTTG	Antibody_Capture
1472_4C	1472_4C_6h	1472_4C_6h	R2	^(BC)	AGTAAGTTCAGCGTA	Antibody_Capture
1472_4C	1472_4C_8h	1472_4C_8h	R2	^(BC)	AAGTATCGTTTCGCA	Antibody_Capture
1472_4C	1472_4C_24h	1472_4C_24h	R2	^(BC)	GGTTGCCAGATGTCA	Antibody_Capture
1892_4C	1892_4C_0h	1892_4C_0h	R2	^(BC)	GTCAACTCTTTAGCG	Antibody_Capture
1892_4C	1892_4C_2h	1892_4C_2h	R2	^(BC)	TGTCTTTCCTGCCAG	Antibody_Capture
1892_4C	1892_4C_4h	1892_4C_4h	R2	^(BC)	CTCCTCTGCAATTAC	Antibody_Capture
1892_4C	1892_4C_6h	1892_4C_6h	R2	^(BC)	AGTAAGTTCAGCGTA	Antibody_Capture
1892_4C	1892_4C_8h	1892_4C_8h	R2	^(BC)	AAGTATCGTTTCGCA	Antibody_Capture
1892_4C	1892_4C_24h	1892_4C_24h	R2	^(BC)	GGTTGCCAGATGTCA	Antibody_Capture
Tcell_activation_day0_rep1	Male_0h_RT_day0	Male_0h_RT_day0	R2	^(BC)	GTCAACTCTTTAGCG	Antibody_Capture
Tcell_activation_day0_rep1	Male_8h_RT_day0	Male_8h_RT_day0	R2	^(BC)	TGATGGCCTATTGGG	Antibody_Capture
Tcell_activation_day0_rep1	Male_24h_RT_day0	Male_24h_RT_day0	R2	^(BC)	TTCCGCCTCTCTTTG	Antibody_Capture
Tcell_activation_day0_rep1	Female_0h_RT_day0	Female_0h_RT_day0	R2	^(BC)	AGTAAGTTCAGCGTA	Antibody_Capture
Tcell_activation_day0_rep1	Female_8h_RT_day0	Female_8h_RT_day0	R2	^(BC)	AAGTATCGTTTCGCA	Antibody_Capture
Tcell_activation_day0_rep1	Female_24h_RT_day0	Female_24h_RT_day0	R2	^(BC)	GGTTGCCAGATGTCA	Antibody_Capture
Tcell_activation_day2_rep1	Male_0h_RT_day2	Male_0h_RT_day2	R2	^(BC)	GTCAACTCTTTAGCG	Antibody_Capture
Tcell_activation_day2_rep1	Male_8h_RT_day2	Male_8h_RT_day2	R2	^(BC)	TGATGGCCTATTGGG	Antibody_Capture
Tcell_activation_day2_rep1	Male_24h_RT_day2	Male_24h_RT_day2	R2	^(BC)	TTCCGCCTCTCTTTG	Antibody_Capture
Tcell_activation_day2_rep1	Female_0h_RT_day2	Female_0h_RT_day2	R2	^(BC)	AGTAAGTTCAGCGTA	Antibody_Capture
Tcell_activation_day2_rep1	Female_8h_RT_day2	Female_8h_RT_day2	R2	^(BC)	AAGTATCGTTTCGCA	Antibody_Capture
Tcell_activation_day2_rep1	Female_24h_RT_day2	Female_24h_RT_day2	R2	^(BC)	GGTTGCCAGATGTCA	Antibody_Capture
Tcell_activation_day0_rep2	Female2_0h_RT_day0	Female2_0h_RT_day0	R2	^(BC)	GTCAACTCTTTAGCG	Antibody_Capture
Tcell_activation_day0_rep2	Female2_8h_RT_day0	Female2_8h_RT_day0	R2	^(BC)	TGATGGCCTATTGGG	Antibody_Capture
Tcell_activation_day0_rep2	Female2_24h_RT_day0	Female2_24h_RT_day0	R2	^(BC)	TTCCGCCTCTCTTTG	Antibody_Capture
Tcell_activation_day0_rep2	Female3_0h_RT_day0	Female3_0h_RT_day0	R2	^(BC)	AGTAAGTTCAGCGTA	Antibody_Capture
Tcell_activation_day0_rep2	Female3_8h_RT_day0	Female3_8h_RT_day0	R2	^(BC)	AAGTATCGTTTCGCA	Antibody_Capture
Tcell_activation_day0_rep2	Female3_24h_RT_day0	Female3_24h_RT_day0	R2	^(BC)	GGTTGCCAGATGTCA	Antibody_Capture
Tcell_activation_day1_rep2	Female2_0h_RT_day1	Female2_0h_RT_day1	R2	^(BC)	GTCAACTCTTTAGCG	Antibody_Capture
Tcell_activation_day1_rep2	Female2_8h_RT_day1	Female2_8h_RT_day1	R2	^(BC)	TGATGGCCTATTGGG	Antibody_Capture
Tcell_activation_day1_rep2	Female2_24h_RT_day1	Female2_24h_RT_day1	R2	^(BC)	TTCCGCCTCTCTTTG	Antibody_Capture
Tcell_activation_day1_rep2	Female3_0h_RT_day1	Female3_0h_RT_day1	R2	^(BC)	AGTAAGTTCAGCGTA	Antibody_Capture
Tcell_activation_day1_rep2	Female3_8h_RT_day1	Female3_8h_RT_day1	R2	^(BC)	AAGTATCGTTTCGCA	Antibody_Capture
Tcell_activation_day1_rep2	Female3_24h_RT_day1	Female3_24h_RT_day1	R2	^(BC)	GGTTGCCAGATGTCA	Antibody_Capture
